{
  "overall": {
    "mse": 0.0069607896730303764,
    "mse_de": 0.4370236396789551,
    "pearson": 0.9790250873744236,
    "pearson_de": 0.778003613275284
  },
  "single_and_combo": {
    "test_combo_seen0_mse": 0.007908253,
    "test_combo_seen0_pearson": 0.9759354936582341,
    "test_combo_seen0_mse_de": 0.36865625,
    "test_combo_seen0_pearson_de": 0.6940057838801295,
    "test_combo_seen1_mse": 0.009487378,
    "test_combo_seen1_pearson": 0.9715346059811459,
    "test_combo_seen1_mse_de": 0.48419455,
    "test_combo_seen1_pearson_de": 0.7312709850307434,
    "test_combo_seen2_mse": 0.006812858,
    "test_combo_seen2_pearson": 0.979523506069567,
    "test_combo_seen2_mse_de": 0.6169513,
    "test_combo_seen2_pearson_de": 0.793930202345498,
    "test_unseen_single_mse": 0.00378413,
    "test_unseen_single_pearson": 0.9884813953785607,
    "test_unseen_single_mse_de": 0.30281064,
    "test_unseen_single_pearson_de": 0.8464168990179941,
    "test_combo_seen0_pearson_delta": 0.0465555114065451,
    "test_combo_seen0_frac_opposite_direction_top20_non_dropout": 0.4833333333333333,
    "test_combo_seen0_frac_sigma_below_1_non_dropout": 0.5555555555555556,
    "test_combo_seen0_mse_top20_de_non_dropout": 0.6071699,
    "test_combo_seen1_pearson_delta": 0.02358346286499243,
    "test_combo_seen1_frac_opposite_direction_top20_non_dropout": 0.48255813953488375,
    "test_combo_seen1_frac_sigma_below_1_non_dropout": 0.4465116279069768,
    "test_combo_seen1_mse_top20_de_non_dropout": 0.6931909,
    "test_combo_seen2_pearson_delta": 0.004789548544397756,
    "test_combo_seen2_frac_opposite_direction_top20_non_dropout": 0.5078947368421052,
    "test_combo_seen2_frac_sigma_below_1_non_dropout": 0.5236842105263159,
    "test_combo_seen2_mse_top20_de_non_dropout": 0.6476627,
    "test_unseen_single_pearson_delta": -0.007367077531288626,
    "test_unseen_single_frac_opposite_direction_top20_non_dropout": 0.49861111111111117,
    "test_unseen_single_frac_sigma_below_1_non_dropout": 0.8152777777777778,
    "test_unseen_single_mse_top20_de_non_dropout": 0.3375189,
    "test_mse_top20_de_non_dropout": 0.437
  },
  "uncertainty": {}
}