{
  "overall": {
    "mse": 0.006318430881947279,
    "mse_de": 0.23761622607707977,
    "pearson": 0.9828622056820745,
    "pearson_de": 0.8508958018000472
  },
  "single_and_combo": {
    "test_combo_seen0_mse": 0.009956559,
    "test_combo_seen0_pearson": 0.9741643602143887,
    "test_combo_seen0_mse_de": 0.1937542,
    "test_combo_seen0_pearson_de": 0.7261996283381854,
    "test_combo_seen1_mse": 0.00717631,
    "test_combo_seen1_pearson": 0.9803973398374922,
    "test_combo_seen1_mse_de": 0.23734285,
    "test_combo_seen1_pearson_de": 0.847521681316467,
    "test_combo_seen2_mse": 0.0061634,
    "test_combo_seen2_pearson": 0.9830105498763845,
    "test_combo_seen2_mse_de": 0.2903954,
    "test_combo_seen2_pearson_de": 0.8863509019140207,
    "test_unseen_single_mse": 0.0044660303,
    "test_unseen_single_pearson": 0.987902519594139,
    "test_unseen_single_mse_de": 0.22105248,
    "test_unseen_single_pearson_de": 0.8673876306829698,
    "test_combo_seen0_pearson_delta": 0.5311305757980622,
    "test_combo_seen0_frac_opposite_direction_top20_non_dropout": 0.1277777777777778,
    "test_combo_seen0_frac_sigma_below_1_non_dropout": 0.7833333333333333,
    "test_combo_seen0_mse_top20_de_non_dropout": 0.2650851,
    "test_combo_seen1_pearson_delta": 0.5378545033925064,
    "test_combo_seen1_frac_opposite_direction_top20_non_dropout": 0.1534883720930233,
    "test_combo_seen1_frac_sigma_below_1_non_dropout": 0.7476744186046511,
    "test_combo_seen1_mse_top20_de_non_dropout": 0.31401396,
    "test_combo_seen2_pearson_delta": 0.5381652347814415,
    "test_combo_seen2_frac_opposite_direction_top20_non_dropout": 0.1394736842105263,
    "test_combo_seen2_frac_sigma_below_1_non_dropout": 0.7842105263157895,
    "test_combo_seen2_mse_top20_de_non_dropout": 0.30763745,
    "test_unseen_single_pearson_delta": 0.42050980957260853,
    "test_unseen_single_frac_opposite_direction_top20_non_dropout": 0.22083333333333335,
    "test_unseen_single_frac_sigma_below_1_non_dropout": 0.8458333333333334,
    "test_unseen_single_mse_top20_de_non_dropout": 0.23872924,
    "test_mse_top20_de_non_dropout": 0.2376
  },
  "uncertainty": {}
}