{
  "FEV+AHR": {
    "GI_predict": {
      "c1": 0.9067280959036453,
      "c2": 1.5073051782425257,
      "mag": 1.7590124332300163,
      "dcor": 0.9329443972527497,
      "dcor_singles": 0.8846711021202518,
      "dcor_first": 0.9112177916883224,
      "dcor_second": 0.9055506957781638,
      "corr_fit": 0.9509912867388498,
      "dominance": 0.2207241181391207,
      "eq_contr": 0.9937807448868415
    }
  },
  "BCL2L11+BAK1": {
    "GI_predict": {
      "c1": 0.32794527277233443,
      "c2": 0.5863515346400854,
      "mag": 0.671830502514216,
      "dcor": 0.6612148363156879,
      "dcor_singles": 0.3422127224755025,
      "dcor_first": 0.6228252558821964,
      "dcor_second": 0.5025060212896876,
      "corr_fit": 0.6957415674987384,
      "dominance": 0.2523566910899868,
      "eq_contr": 0.8068170269972699
    }
  }
}